"categoria","juris_ok","juris_abrev","anio","anio_fecha","id","value_proy","share_proy","value_exec","share_exec","rel_exec_proy"
"Ejecutivo","Jefatura de Gabinete de Ministros","Jefatura de Gabinete",2003,"01/01/2003","1",46088071,0.000696478473375271,132950031,0.00242199441861895,2.88469506567111
"Exterior","Ministerio de Defensa","Defensa",2003,"01/01/2003","2",4474565360,0.0676191991405037,4368313655,0.0795790058235258,0.976254295903279
"Básico","Ministerio de Desarrollo Social","Desarrollo Social",2003,"01/01/2003","3",1694950007,0.0256139206460337,1585542133,0.0288843422429227,0.935450677867692
"Productivo","Ministerio de Economía","Economía",2003,"01/01/2003","4",877023814,0.0132534990906536,814412463,0.0148364195555525,0.928609292016328
"Básico","Ministerio de Educación","Educación",2003,"01/01/2003","5",2788159048,0.042134389987346,3087748570,0.0562505307173538,1.10745065716925
"Productivo","Ministerio de Industria","Industria",2003,"01/01/2003","6",551912837,0.00834045343642122,NA,NA,NA
"Interior","Ministerio de Justicia, Seguridad  y Derechos Humanos","Justicia, Seguridad  y Derechos Humanos",2003,"01/01/2003","7",2920455301,0.0441336381729059,3352239510,0.0610688491159052,1.14784825121348
"Interior","Ministerio del Interior","Interior",2003,"01/01/2003","8",263223531,0.00397780855326595,455422758,0.00829658609096562,1.73017494397186
"Productivo","Ministerio de Planificación Federal, Inversión Pública y Servicios","Planificación",2003,"01/01/2003","9",NA,NA,2376873991,0.0433002948300369,NA
"Exterior","Ministerio de Relaciones Exteriores y Culto","Cancillería",2003,"01/01/2003","10",702580922,0.0106173349710633,587661987,0.0107056315958928,0.836433168904065
"Básico","Ministerio de Salud","Salud",2003,"01/01/2003","11",1299232320,0.0196338732162041,1246191750,0.0227022847631301,0.959175453701767
"Básico","Ministerio de Trabajo, Empleo y Seguridad Social","Trabajo",2003,"01/01/2003","12",25279845621,0.38202658308864,23601802589,0.429961796247375,0.93362131014732
"Institucional","Ministerio Público","Ministerio Público",2003,"01/01/2003","13",151011640,0.00228207330458886,155377877,0.00283056986177658,1.02891324801188
"Financiero","Obligaciones a Cargo del Tesoro","Obligaciones a Cargo del Tesoro",2003,"01/01/2003","14",6817520809,0.10302571537994,3852137414,0.0701756535616094,0.565034933067558
"Institucional","Poder Judicial de la Nación","Poder Judicial",2003,"01/01/2003","15",731179133,0.0110495083709556,677988405,0.0123511376450778,0.927253492886537
"Institucional","Poder Legislativo Nacional","Poder Legislativo",2003,"01/01/2003","16",427264787,0.00645678415520516,453121533,0.00825466391867228,1.06051691313378
"Ejecutivo","Presidencia de la Nación","Presidencia",2003,"01/01/2003","17",2397218142,0.0362265288101918,584456520,0.0106472365498392,0.243806147534153
"Financiero","Servicio de la Deuda Pública","Deuda Publica",2003,"01/01/2003","18",14750770066,0.222912211202706,7560548813,0.137733003061745,0.51255282125418
"TOTAL","TOTAL","TOTAL",2003,"01/01/2003","19",66173001409,1,54892789999,1,0.829534535689569
"Ejecutivo","Jefatura de Gabinete de Ministros","Jefatura de Gabinete",2004,"01/01/2004","20",182382000,0.0030545332613115,225093362,0.00332342172843379,1.23418627934774
"Exterior","Ministerio de Defensa","Defensa",2004,"01/01/2004","21",4489403666,0.0751885209135266,4672319270,0.068985096877703,1.04074385321714
"Básico","Ministerio de Desarrollo Social","Desarrollo Social",2004,"01/01/2004","22",2567848828,0.0430063254879635,2673264921,0.039469785538639,1.04105229710197
"Productivo","Ministerio de Economía","Economía",2004,"01/01/2004","23",928410305,0.0155490133717519,1131665044,0.0167086233157714,1.21892770675353
"Básico","Ministerio de Educación","Educación",2004,"01/01/2004","24",3697727622,0.0619295325891223,4106922408,0.0606372175814709,1.11066114863773
"Interior","Ministerio de Justicia, Seguridad  y Derechos Humanos","Justicia, Seguridad  y Derechos Humanos",2004,"01/01/2004","25",3557543077,0.0595817221943228,473117073,0.00698540173077691,0.132989836738384
"Interior","Ministerio del Interior","Interior",2004,"01/01/2004","26",221593000,0.00371123898725642,3604418071,0.0532179235721789,16.265938323864
"Productivo","Ministerio de Planificación Federal, Inversión Pública y Servicios","Planificación",2004,"01/01/2004","27",3380532470,0.0566171490089951,5641177650,0.0832899389363825,1.66872458704708
"Exterior","Ministerio de Relaciones Exteriores y Culto","Cancillería",2004,"01/01/2004","28",630614323,0.0105615270402942,675034662,0.00996664158908762,1.07043978764815
"Básico","Ministerio de Salud","Salud",2004,"01/01/2004","29",1455752722,0.0243809427991455,1773321527,0.0261824482160037,1.21814749181008
"Básico","Ministerio de Trabajo, Empleo y Seguridad Social","Trabajo",2004,"01/01/2004","30",25295031498,0.423641121692728,27102185227,0.400153920449457,1.07144303137724
"Institucional","Ministerio Público","Ministerio Público",2004,"01/01/2004","31",162410000,0.00272004225729294,192213000,0.00283795512675955,1.18350471030109
"Financiero","Obligaciones a Cargo del Tesoro","Obligaciones a Cargo del Tesoro",2004,"01/01/2004","32",4578284818,0.0766771022158902,6774830003,0.100027904147681,1.4797746912477
"Institucional","Poder Judicial de la Nación","Poder Judicial",2004,"01/01/2004","33",726072905,0.0121602671231786,829589880,0.0122485932431929,1.14257104801342
"Institucional","Poder Legislativo Nacional","Poder Legislativo",2004,"01/01/2004","34",427755988,0.00716405617369677,465473338,0.00687254475996411,1.08817491994992
"Ejecutivo","Presidencia de la Nación","Presidencia",2004,"01/01/2004","35",601926452,0.0100810626514526,637433752,0.00941147781085554,1.05898943281529
"Financiero","Servicio de la Deuda Pública","Deuda Publica",2004,"01/01/2004","36",6805341530,0.113975842232071,6751341530,0.0996811053756414,0.992065056579166
"TOTAL","TOTAL","TOTAL",2004,"01/01/2004","37",59708631204,1,67729400718,1,1.13433182694469
"Ejecutivo","Jefatura de Gabinete de Ministros","Jefatura de Gabinete",2005,"01/01/2005","38",228074000,0.0029446399503566,262593937,0.00313882474022081,1.15135410875418
"Exterior","Ministerio de Defensa","Defensa",2005,"01/01/2005","39",5042600557,0.0651044970221622,5163893187,0.0617247902841462,1.02405358676122
"Básico","Ministerio de Desarrollo Social","Desarrollo Social",2005,"01/01/2005","40",3220645701,0.0415814253141911,3081449140,0.0368330240479396,0.956779921195063
"Productivo","Ministerio de Economía","Economía",2005,"01/01/2005","41",1266304703,0.0163491297463904,1403404876,0.0167751091120406,1.10826791740976
"Básico","Ministerio de Educación","Educación",2005,"01/01/2005","42",4773187473,0.0616261324111361,5344849166,0.0638877842598071,1.11976518756778
"Interior","Ministerio de Justicia, Seguridad  y Derechos Humanos","Justicia, Seguridad  y Derechos Humanos",2005,"01/01/2005","43",577343273,0.0074540196021705,627341249,0.00749870410344708,1.08660008410629
"Interior","Ministerio del Interior","Interior",2005,"01/01/2005","44",3905459627,0.0504229874609511,4237228405,0.05064822706695,1.08494999556681
"Productivo","Ministerio de Planificación Federal, Inversión Pública y Servicios","Planificación",2005,"01/01/2005","45",7183120244,0.0927405264900761,8169970073,0.0976568784678225,1.13738456206748
"Exterior","Ministerio de Relaciones Exteriores y Culto","Cancillería",2005,"01/01/2005","46",738234242,0.00953126635089672,791704880,0.00946336725321099,1.0724304495212
"Básico","Ministerio de Salud","Salud",2005,"01/01/2005","47",1711368266,0.0220952996213338,1833784898,0.0219195061083444,1.07153143740717
"Básico","Ministerio de Trabajo, Empleo y Seguridad Social","Trabajo",2005,"01/01/2005","48",29050197000,0.375064104860393,31654186518,0.378367242250009,1.08963758552136
"Institucional","Ministerio Público","Ministerio Público",2005,"01/01/2005","49",194086000,0.00250582437895118,252357831,0.00301647102892274,1.30023716805952
"Financiero","Obligaciones a Cargo del Tesoro","Obligaciones a Cargo del Tesoro",2005,"01/01/2005","50",7586719000,0.0979513485076311,7491378298,0.0895455691351917,0.987433210324516
"Institucional","Poder Judicial de la Nación","Poder Judicial",2005,"01/01/2005","51",884290933,0.0114169892624758,1095460933,0.0130942089437723,1.23880149860137
"Institucional","Poder Legislativo Nacional","Poder Legislativo",2005,"01/01/2005","52",476377040,0.00615045495504364,560161591,0.0066956955687528,1.17587865065873
"Ejecutivo","Presidencia de la Nación","Presidencia",2005,"01/01/2005","53",697500475,0.00900535687574078,777127487,0.00928912148684235,1.11416051293729
"Financiero","Servicio de la Deuda Pública","Deuda Publica",2005,"01/01/2005","54",9918443000,0.128055997190099,10913062684,0.13044547614258,1.10027982053232
"TOTAL","TOTAL","TOTAL",2005,"01/01/2005","55",77453951534,1,83659955153,1,1.08012507426785
"Ejecutivo","Jefatura de Gabinete de Ministros","Jefatura de Gabinete",2006,"01/01/2006","56",311833969,0.00332791829609415,374740651,0.00354425235557657,1.20173133222699
"Exterior","Ministerio de Defensa","Defensa",2006,"01/01/2006","57",5713924487,0.0609794818177351,6090473385,0.0576029704377138,1.06590022301777
"Básico","Ministerio de Desarrollo Social","Desarrollo Social",2006,"01/01/2006","58",3559303905,0.0379851900830241,4155129603,0.0392987199116508,1.16739950111116
"Productivo","Ministerio de Economía","Economía",2006,"01/01/2006","59",1727124130,0.0184320137100031,1739258676,0.0164497009943284,1.0070258679091
"Básico","Ministerio de Educación","Educación",2006,"01/01/2006","60",6054805761,0.0646173953913538,7088042607,0.0670378610893933,1.17064739758544
"Interior","Ministerio de Justicia, Seguridad  y Derechos Humanos","Justicia, Seguridad  y Derechos Humanos",2006,"01/01/2006","61",640139923,0.00683162699895597,810307084,0.00766378769835509,1.26582807115437
"Interior","Ministerio del Interior","Interior",2006,"01/01/2006","62",4441310147,0.0473980347433858,4902514829,0.0463674001861418,1.10384428619819
"Productivo","Ministerio de Planificación Federal, Inversión Pública y Servicios","Planificación",2006,"01/01/2006","63",10578858420,0.112898465169161,13806707016,0.130582187263728,1.3051225820262
"Exterior","Ministerio de Relaciones Exteriores y Culto","Cancillería",2006,"01/01/2006","64",842887084,0.00899536172207411,949265852,0.0089780431427478,1.12620761430484
"Básico","Ministerio de Salud","Salud",2006,"01/01/2006","65",2110819511,0.0225268430278338,2160343505,0.0204322710547108,1.02346197471736
"Básico","Ministerio de Trabajo, Empleo y Seguridad Social","Trabajo",2006,"01/01/2006","66",35058485345,0.374147098813902,37453887149,0.354234394905137,1.06832587832668
"Institucional","Ministerio Público","Ministerio Público",2006,"01/01/2006","67",290978650,0.00310534858089106,302346650,0.00285955853362485,1.03906815843705
"Financiero","Obligaciones a Cargo del Tesoro","Obligaciones a Cargo del Tesoro",2006,"01/01/2006","68",9209550000,0.0982850907554394,10367812863,0.0980575367625776,1.12576758506116
"Institucional","Poder Judicial de la Nación","Poder Judicial",2006,"01/01/2006","69",1216666875,0.0129843710309963,1337164887,0.0126467459238737,1.099039444959
"Institucional","Poder Legislativo Nacional","Poder Legislativo",2006,"01/01/2006","70",594680531,0.00634648055114831,642066465,0.00607258800170299,1.07968300882546
"Ejecutivo","Presidencia de la Nación","Presidencia",2006,"01/01/2006","71",845599576,0.00902430966441586,983428328,0.00930114776380298,1.16299529459556
"Financiero","Servicio de la Deuda Pública","Deuda Publica",2006,"01/01/2006","72",10505443000,0.112114969643587,12568443000,0.118870833974934,1.19637439373095
"TOTAL","TOTAL","TOTAL",2006,"01/01/2006","73",93702411314,1,105731932550,1,1.12838006052682
"Ejecutivo","Jefatura de Gabinete de Ministros","Jefatura de Gabinete",2007,"01/01/2007","74",624857600,0.00515121012837354,706889551,0.00507391189045658,1.13128103267048
"Exterior","Ministerio de Defensa","Defensa",2007,"01/01/2007","75",6488279693,0.0534881740580605,7489193104,0.0537559310171654,1.15426483726955
"Básico","Ministerio de Desarrollo Social","Desarrollo Social",2007,"01/01/2007","76",5456457880,0.0449820264593079,6032249080,0.0432982780547675,1.10552472183658
"Productivo","Ministerio de Economía","Economía",2007,"01/01/2007","77",1952777193,0.0160983328922277,3024936262,0.021712387806444,1.54904321539769
"Básico","Ministerio de Educación","Educación",2007,"01/01/2007","78",8040563251,0.0662849117244942,8814380994,0.0632678647876507,1.09623924578962
"Interior","Ministerio de Justicia, Seguridad  y Derechos Humanos","Justicia, Seguridad  y Derechos Humanos",2007,"01/01/2007","79",812836777,0.00670087558892923,864836461,0.0062076232369833,1.06397309456385
"Interior","Ministerio del Interior","Interior",2007,"01/01/2007","80",5421108487,0.0446906126215736,6082771064,0.0436609147566178,1.12205300421246
"Productivo","Ministerio de Planificación Federal, Inversión Pública y Servicios","Planificación",2007,"01/01/2007","81",15009465360,0.123735247813108,22640555384,0.162509380718542,1.50841851065107
"Exterior","Ministerio de Relaciones Exteriores y Culto","Cancillería",2007,"01/01/2007","82",1054529518,0.00869334570595039,1127105438,0.00809013752654334,1.06882303317374
"Básico","Ministerio de Salud","Salud",2007,"01/01/2007","83",2470872869,0.020369417526035,2616936120,0.0187838443460502,1.05911402922932
"Básico","Ministerio de Trabajo, Empleo y Seguridad Social","Trabajo",2007,"01/01/2007","84",45389127678,0.374179547808898,54960914151,0.394498455135776,1.21088280305593
"Institucional","Ministerio Público","Ministerio Público",2007,"01/01/2007","85",383057815,0.0031578575604756,410340260,0.00294534035961022,1.07122278656552
"Financiero","Obligaciones a Cargo del Tesoro","Obligaciones a Cargo del Tesoro",2007,"01/01/2007","86",10962403659,0.0903720219767831,4312203683,0.0309521360307169,0.393362971948194
"Institucional","Poder Judicial de la Nación","Poder Judicial",2007,"01/01/2007","87",1565098881,0.0129023848116968,1723030105,0.0123675656614341,1.10090814447397
"Institucional","Poder Legislativo Nacional","Poder Legislativo",2007,"01/01/2007","88",697841861,0.00575287883573192,784793861,0.00563309345463112,1.12460129559353
"Ejecutivo","Presidencia de la Nación","Presidencia",2007,"01/01/2007","89",996347937,0.00821370754626091,1089278647,0.00781862438228876,1.09327134282007
"Financiero","Servicio de la Deuda Pública","Deuda Publica",2007,"01/01/2007","90",13977443000,0.115227446942093,16638038000,0.119424510834322,1.19034919333958
"TOTAL","TOTAL","TOTAL",2007,"01/01/2007","91",121303069459,1,139318452165,1,1.14851547274399
"Ejecutivo","Jefatura de Gabinete de Ministros","Jefatura de Gabinete",2008,"01/01/2008","92",872276301,0.00540154443448102,1013461074,0.00501239908861603,1.16185785723875
"Productivo","Ministerio de Ciencia, Tecnología e Innovación Productiva","Ciencia",2008,"01/01/2008","93",NA,NA,1244953129,0.00615731781837462,NA
"Exterior","Ministerio de Defensa","Defensa",2008,"01/01/2008","94",8224876573,0.0509322977435581,9491644375,0.0469439930504104,1.15401663365484
"Básico","Ministerio de Desarrollo Social","Desarrollo Social",2008,"01/01/2008","95",7510322002,0.0465074403197198,8541256441,0.0422435425482402,1.13726900640551
"Productivo","Ministerio de Economía","Economía",2008,"01/01/2008","96",3805858211,0.0235676610891334,6841362760,0.0338361692845005,1.79758739834988
"Básico","Ministerio de Educación","Educación",2008,"01/01/2008","97",10442284472,0.0646635286414817,11554388702,0.0571459613844233,1.10650008941836
"Interior","Ministerio de Justicia, Seguridad  y Derechos Humanos","Justicia, Seguridad  y Derechos Humanos",2008,"01/01/2008","98",1107083280,0.00685557950242993,8484340641,0.0419620470755805,7.66368781307943
"Interior","Ministerio del Interior","Interior",2008,"01/01/2008","99",6975772479,0.0431972586747468,654617165,0.00323762063034935,0.0938415303782731
"Productivo","Ministerio de Planificación Federal, Inversión Pública y Servicios","Planificación",2008,"01/01/2008","100",23235933885,0.143887813084688,35131874786,0.173756034322754,1.51196310679294
"Exterior","Ministerio de Relaciones Exteriores y Culto","Cancillería",2008,"01/01/2008","101",1335097563,0.00826755100722589,1404553283,0.00694667193070886,1.05202295467002
"Básico","Ministerio de Salud","Salud",2008,"01/01/2008","102",3538973887,0.0219149880389775,4094968420,0.0202529889927666,1.15710614171028
"Básico","Ministerio de Trabajo, Empleo y Seguridad Social","Trabajo",2008,"01/01/2008","103",63254660794,0.391702560960458,73153649634,0.361805002837631,1.15649422059566
"Institucional","Ministerio Público","Ministerio Público",2008,"01/01/2008","104",524694369,0.00324915390390216,560974590,0.002774481029207,1.06914543616915
"Financiero","Obligaciones a Cargo del Tesoro","Obligaciones a Cargo del Tesoro",2008,"01/01/2008","105",7417130338,0.0459303537779416,14274879361,0.0706010266549026,1.92458251513606
"Institucional","Poder Judicial de la Nación","Poder Judicial",2008,"01/01/2008","106",1892359145,0.0117183763860094,2209342145,0.0109270151939146,1.16750678687898
"Institucional","Poder Legislativo Nacional","Poder Legislativo",2008,"01/01/2008","107",873668449,0.00541016526858227,1106426970,0.00547219195519709,1.26641516157121
"Ejecutivo","Presidencia de la Nación","Presidencia",2008,"01/01/2008","108",1406917426,0.00871229332204988,1559558949,0.00771330251862301,1.10849359044047
"Financiero","Servicio de la Deuda Pública","Deuda Publica",2008,"01/01/2008","109",19068553000,0.118081433844614,20868566000,0.103212233683801,1.09439693719812
"TOTAL","TOTAL","TOTAL",2008,"01/01/2008","110",161486462174,1,202190818425,1,1.25206048669975
"Ejecutivo","Jefatura de Gabinete de Ministros","Jefatura de Gabinete",2009,"01/01/2009","111",1169296352,0.00500089156654571,1930116667,0.00794012265056589,1.65066508905007
"Productivo","Ministerio de Ciencia, Tecnología e Innovación Productiva","Ciencia",2009,"01/01/2009","112",1766268663,0.00755404568392143,1835066193,0.00754910358189608,1.03895077314181
"Exterior","Ministerio de Defensa","Defensa",2009,"01/01/2009","113",10703079840,0.0457753431081614,11648270427,0.0479187074225392,1.08831015008106
"Básico","Ministerio de Desarrollo Social","Desarrollo Social",2009,"01/01/2009","114",10285197869,0.0439881294381529,11324464714,0.0465866340198624,1.10104490533258
"Productivo","Ministerio de Economía","Economía",2009,"01/01/2009","115",7809546982,0.0334001706017692,1103574679,0.00453989049218385,0.141310972524219
"Básico","Ministerio de Educación","Educación",2009,"01/01/2009","116",12687203343,0.054261118742513,14461120457,0.0594902225634154,1.13981939644553
"Productivo","Ministerio de Industria","Industria",2009,"01/01/2009","117",NA,NA,5899414038,0.0242690360790456,NA
"Interior","Ministerio de Justicia, Seguridad  y Derechos Humanos","Justicia, Seguridad  y Derechos Humanos",2009,"01/01/2009","118",9719549281,0.0415689418228668,11651437760,0.047931737211321,1.19876317544647
"Interior","Ministerio del Interior","Interior",2009,"01/01/2009","119",994192270,0.00425199970055832,1283561550,0.00528032129394096,1.29105967601217
"Productivo","Ministerio de Planificación Federal, Inversión Pública y Servicios","Planificación",2009,"01/01/2009","120",36215432725,0.154887554197429,38180082474,0.157065395494189,1.05424896518339
"Exterior","Ministerio de Relaciones Exteriores y Culto","Cancillería",2009,"01/01/2009","121",1634844897,0.00699196747174799,1748233088,0.00719188916288321,1.0693571550476
"Básico","Ministerio de Salud","Salud",2009,"01/01/2009","122",4758018214,0.0203492751167529,6101413225,0.0251000212456508,1.28234339394649
"Básico","Ministerio de Trabajo, Empleo y Seguridad Social","Trabajo",2009,"01/01/2009","123",89560647452,0.383036418245048,90223318159,0.371161093198046,1.00739912814225
"Institucional","Ministerio Público","Ministerio Público",2009,"01/01/2009","124",708122458,0.00302852533682908,736730458,0.00303076508116987,1.04039979198061
"Financiero","Obligaciones a Cargo del Tesoro","Obligaciones a Cargo del Tesoro",2009,"01/01/2009","125",15718691130,0.0672263021899464,14662872967,0.0603201929490654,0.932830402081958
"Institucional","Poder Judicial de la Nación","Poder Judicial",2009,"01/01/2009","126",2577064365,0.0110216878957423,2913344769,0.0119849308514595,1.13048971867647
"Institucional","Poder Legislativo Nacional","Poder Legislativo",2009,"01/01/2009","127",1201232743,0.00513747835067844,1430752743,0.00588583708761558,1.19107038276928
"Ejecutivo","Presidencia de la Nación","Presidencia",2009,"01/01/2009","128",1796636030,0.00768392200592375,1447499686,0.00595473073726668,0.80567219059945
"Financiero","Servicio de la Deuda Pública","Deuda Publica",2009,"01/01/2009","129",24512553000,0.104836228525414,24502712421,0.100799368877884,0.999598549404462
"TOTAL","TOTAL","TOTAL",2009,"01/01/2009","130",233817577614,1,243083986475,1,1.03963093346343
"Ejecutivo","Jefatura de Gabinete de Ministros","Jefatura de Gabinete",2010,"01/01/2010","131",2391758879,0.00875687007536332,2656992081,0.00843167941143071,1.11089462417336
"Productivo","Ministerio de Ciencia, Tecnología e Innovación Productiva","Ciencia",2010,"01/01/2010","132",2115730407,0.00774625588359509,2236169224,0.00709624320723588,1.05692540817182
"Exterior","Ministerio de Defensa","Defensa",2010,"01/01/2010","133",12605512883,0.046152160035422,13918995872,0.0441704406125144,1.10419909139686
"Básico","Ministerio de Desarrollo Social","Desarrollo Social",2010,"01/01/2010","134",14393319144,0.052697797760427,16373441112,0.051959359346816,1.13757229643765
"Productivo","Ministerio de Economía","Economía",2010,"01/01/2010","135",1376158919,0.00503848651406446,8827875265,0.0280143153797299,6.41486614890006
"Básico","Ministerio de Educación","Educación",2010,"01/01/2010","136",15612757604,0.0571624886842821,17537495960,0.0556533625641548,1.12327984618853
"Productivo","Ministerio de Industria","Industria",2010,"01/01/2010","137",6278510432,0.0229873088807449,780644674,0.0024772921502015,0.124335968292933
"Interior","Ministerio de Justicia, Seguridad  y Derechos Humanos","Justicia, Seguridad  y Derechos Humanos",2010,"01/01/2010","138",13282001363,0.0486289656109559,16829687634,0.053407208752764,1.26710479648669
"Interior","Ministerio del Interior","Interior",2010,"01/01/2010","139",1045320409,0.00382719808803045,1306297208,0.00414539409156147,1.24966201439582
"Productivo","Ministerio de Planificación Federal, Inversión Pública y Servicios","Planificación",2010,"01/01/2010","140",38830177976,0.142167685264843,50467173086,0.160152161274859,1.29968946104735
"Exterior","Ministerio de Relaciones Exteriores y Culto","Cancillería",2010,"01/01/2010","141",1986021035,0.00727135511992118,2087509529,0.00662448760863835,1.05110141947716
"Básico","Ministerio de Salud","Salud",2010,"01/01/2010","142",5665272366,0.0207420800174264,6445304778,0.0204534834656357,1.1376866568113
"Básico","Ministerio de Trabajo, Empleo y Seguridad Social","Trabajo",2010,"01/01/2010","143",104660679764,0.383190790150112,119592974467,0.379515478339569,1.14267339689242
"Institucional","Ministerio Público","Ministerio Público",2010,"01/01/2010","144",863101629,0.0031600463129241,964388205,0.00306038253966671,1.11735185359035
"Financiero","Obligaciones a Cargo del Tesoro","Obligaciones a Cargo del Tesoro",2010,"01/01/2010","145",18972114000,0.0694619925159193,19062640896,0.060493246449499,1.00477157664138
"Institucional","Poder Judicial de la Nación","Poder Judicial",2010,"01/01/2010","146",3249380272,0.0118968517759824,3873390444,0.0122917891598741,1.19203974904911
"Institucional","Poder Legislativo Nacional","Poder Legislativo",2010,"01/01/2010","147",1532091129,0.0056093961134908,1943998378,0.00616907036225272,1.26885296912388
"Ejecutivo","Presidencia de la Nación","Presidencia",2010,"01/01/2010","148",1693962706,0.00620205132682728,1939618201,0.00615517034030933,1.14501824280422
"Financiero","Servicio de la Deuda Pública","Deuda Publica",2010,"01/01/2010","149",26575553000,0.0973002198696685,28275553000,0.0897294349432868,1.06396856539542
"TOTAL","TOTAL","TOTAL",2010,"01/01/2010","150",273129423917,1,315120150014,1,1.15373929873539
"Ejecutivo","Jefatura de Gabinete de Ministros","Jefatura de Gabinete",2011,"01/01/2011","151",3059055188,0.00820315706284592,3315935956,0.00779656647183906,1.08397389135302
"Productivo","Ministerio de Ciencia, Tecnología e Innovación Productiva","Ciencia",2011,"01/01/2011","152",2571677971,0.00689620716681686,2685146136,0.00631342722347976,1.04412222925247
"Exterior","Ministerio de Defensa","Defensa",2011,"01/01/2011","153",15162538284,0.0406598362471472,16829113718,0.0395693118038392,1.10991401325981
"Básico","Ministerio de Desarrollo Social","Desarrollo Social",2011,"01/01/2011","154",18696338105,0.0501360676907755,22352904255,0.0525570777527893,1.1955765952383
"Productivo","Ministerio de Economía","Economía",2011,"01/01/2011","155",9523374237,0.0255378637629114,9868835797,0.0232040169991073,1.03627512175861
"Básico","Ministerio de Educación","Educación",2011,"01/01/2011","156",19961415426,0.0535284968308304,23350104655,0.0549017367894864,1.16976197111685
"Productivo","Ministerio de Industria","Industria",2011,"01/01/2011","157",938175702,0.00251581032805209,997512809,0.00234539358572563,1.06324732869707
"Interior","Ministerio de Justicia, Seguridad  y Derechos Humanos","Justicia, Seguridad  y Derechos Humanos",2011,"01/01/2011","158",19482049473,0.052243029926387,22141396583,0.0520597721214582,1.13650243079844
"Interior","Ministerio del Interior","Interior",2011,"01/01/2011","159",2305969260,0.00618368315030038,3289166778,0.00773362566766103,1.42637060912078
"Productivo","Ministerio de Planificación Federal, Inversión Pública y Servicios","Planificación",2011,"01/01/2011","160",54049525923,0.144939114553409,69745860602,0.163989366964455,1.29040651903888
"Exterior","Ministerio de Relaciones Exteriores y Culto","Cancillería",2011,"01/01/2011","161",2311955209,0.00619973506071044,2305995171,0.0054219517122789,0.997422078949973
"Básico","Ministerio de Salud","Salud",2011,"01/01/2011","162",7390710037,0.0198189151595858,8621184476,0.0202704873450581,1.16648934038
"Básico","Ministerio de Trabajo, Empleo y Seguridad Social","Trabajo",2011,"01/01/2011","163",146734274421,0.393482374656066,160342465987,0.377003871882452,1.0927403745287
"Institucional","Ministerio Público","Ministerio Público",2011,"01/01/2011","164",1147501540,0.00307713813055849,1418811865,0.00333596944069159,1.23643569576386
"Financiero","Obligaciones a Cargo del Tesoro","Obligaciones a Cargo del Tesoro",2011,"01/01/2011","165",24596655000,0.0659583471972439,31854083571,0.0748966455493322,1.29505754221458
"Institucional","Poder Judicial de la Nación","Poder Judicial",2011,"01/01/2011","166",4572460472,0.0122615020358602,5089730114,0.0119671850373705,1.11312719818303
"Institucional","Poder Legislativo Nacional","Poder Legislativo",2011,"01/01/2011","167",2255135853,0.00604736837464797,2586875438,0.00608236907297337,1.14710403568756
"Ejecutivo","Presidencia de la Nación","Presidencia",2011,"01/01/2011","168",1887571677,0.00506170892063372,2246535947,0.00528214871293534,1.19017252397563
"Financiero","Servicio de la Deuda Pública","Deuda Publica",2011,"01/01/2011","169",36265553000,0.0972496437452186,36265553000,0.0852690758670679,1
"TOTAL","TOTAL","TOTAL",2011,"01/01/2011","170",372911936778,1,425307212858,1,1.14050308105635
"Ejecutivo","Jefatura de Gabinete de Ministros","Jefatura de Gabinete",2012,"01/01/2012","171",3533561110,0.00699535057458179,4155235927,0.00768560698131426,1.17593436129933
"Productivo","Ministerio de Ciencia, Tecnología e Innovación Productiva","Ciencia",2012,"01/01/2012","172",3096516115,0.00613013758923417,3641537626,0.00673546039088821,1.17601119799113
"Exterior","Ministerio de Defensa","Defensa",2012,"01/01/2012","173",19695697474,0.0389913473553978,22112595794,0.0408998968037048,1.12271199449476
"Básico","Ministerio de Desarrollo Social","Desarrollo Social",2012,"01/01/2012","174",27485352894,0.0544124392289415,31202093976,0.0577120133505164,1.13522624564196
"Productivo","Ministerio de Economía","Economía",2012,"01/01/2012","175",11472460641,0.0227118993102362,11280362592,0.020864382916381,0.983255723858099
"Básico","Ministerio de Educación","Educación",2012,"01/01/2012","176",27385849907,0.0542154543019473,30732396007,0.0568432506489333,1.12219982623744
"Productivo","Ministerio de Industria","Industria",2012,"01/01/2012","177",1383423092,0.00273874689590749,1377579754,0.0025479989008238,0.995776174307202
"Interior","Ministerio de Justicia, Seguridad  y Derechos Humanos","Justicia, Seguridad  y Derechos Humanos",2012,"01/01/2012","178",26516537511,0.0524944864795315,27617491521,0.0510818613838446,1.04151952378938
"Interior","Ministerio del Interior","Interior",2012,"01/01/2012","179",2272504923,0.00449885204301674,24227752902,0.0448121334423493,10.6612543087547
"Productivo","Ministerio de Planificación Federal, Inversión Pública y Servicios","Planificación",2012,"01/01/2012","180",75535345412,0.149536460663919,55747381771,0.103111465643907,0.738030407710873
"Exterior","Ministerio de Relaciones Exteriores y Culto","Cancillería",2012,"01/01/2012","181",2874140502,0.00568990312780935,3134891992,0.00579835855356026,1.09072329269169
"Básico","Ministerio de Salud","Salud",2012,"01/01/2012","182",10136984186,0.020068071824025,11156577257,0.0206354270997742,1.10058149961486
"Básico","Ministerio de Trabajo, Empleo y Seguridad Social","Trabajo",2012,"01/01/2012","183",194094026415,0.384245727451156,209690381315,0.387847498159402,1.08035463629701
"Institucional","Ministerio Público","Ministerio Público",2012,"01/01/2012","184",1674927925,0.00331583568467897,1842282422,0.0034075221943651,1.0999174319695
"Financiero","Obligaciones a Cargo del Tesoro","Obligaciones a Cargo del Tesoro",2012,"01/01/2012","185",41132062037,0.081428673467674,44091591692,0.0815526845836528,1.07195189126035
"Institucional","Poder Judicial de la Nación","Poder Judicial",2012,"01/01/2012","186",6007830723,0.0118936338701464,6751516428,0.0124877390129224,1.12378606177317
"Institucional","Poder Legislativo Nacional","Poder Legislativo",2012,"01/01/2012","187",3078353103,0.00609418048180768,3928206103,0.00726568810523718,1.27607391730721
"Ejecutivo","Presidencia de la Nación","Presidencia",2012,"01/01/2012","188",2744379465,0.00543301668479089,2951752971,0.00545962097931021,1.07556298560192
"Financiero","Servicio de la Deuda Pública","Deuda Publica",2012,"01/01/2012","189",4.501e+10,0.0891057829651986,4.501e+10,0.0832513908491133,1
"TOTAL","TOTAL","TOTAL",2012,"01/01/2012","190",505129953435,1,540651628050,1,1.07032185356153
"Ejecutivo","Jefatura de Gabinete de Ministros","Jefatura de Gabinete",2013,"01/01/2013","191",4556667247,0.00724857692790854,5502508374,0.00762970444644312,1.20757300801868
"Productivo","Ministerio de Ciencia, Tecnología e Innovación Productiva","Ciencia",2013,"01/01/2013","192",4118942754,0.00655226107056143,4874977264,0.00675957821040291,1.18355062334037
"Exterior","Ministerio de Defensa","Defensa",2013,"01/01/2013","193",26312076424,0.0418562734020004,30546071634,0.0423547739915352,1.16091452235742
"Básico","Ministerio de Desarrollo Social","Desarrollo Social",2013,"01/01/2013","194",35878957029,0.0570749115571377,40809743306,0.0565862437268125,1.13742836150489
"Productivo","Ministerio de Economía","Economía",2013,"01/01/2013","195",12340924710,0.0196314844321487,18539453344,0.0257065578094732,1.50227424440709
"Básico","Ministerio de Educación","Educación",2013,"01/01/2013","196",34462285499,0.0548213231316182,38519934499,0.0534112254898893,1.11774172668025
"Productivo","Ministerio de Industria","Industria",2013,"01/01/2013","197",1544298322,0.00245661238354126,1580013037,0.00219082492464681,1.02312682367857
"Interior","Ministerio de Justicia, Seguridad  y Derechos Humanos","Justicia, Seguridad  y Derechos Humanos",2013,"01/01/2013","198",31265371892,0.0497357917649217,38235277735,0.0530165242317753,1.22292732890164
"Interior","Ministerio del Interior","Interior",2013,"01/01/2013","199",25885818928,0.0411781988173601,28384176130,0.0393571186281098,1.09651451278977
"Productivo","Ministerio de Planificación Federal, Inversión Pública y Servicios","Planificación",2013,"01/01/2013","200",57087463470,0.0908126154820502,76232918656,0.105703544438626,1.33537057038909
"Exterior","Ministerio de Relaciones Exteriores y Culto","Cancillería",2013,"01/01/2013","201",3644167927,0.00579700691870083,2884920659,0.00400019236383409,0.79165414898291
"Básico","Ministerio de Salud","Salud",2013,"01/01/2013","202",12736980922,0.0202615159365005,14716629993,0.0204058821291037,1.15542529922304
"Básico","Ministerio de Trabajo, Empleo y Seguridad Social","Trabajo",2013,"01/01/2013","203",253555375985,0.40334646983979,280702192990,0.389217902893488,1.10706464771075
"Institucional","Ministerio Público","Ministerio Público",2013,"01/01/2013","204",2081570838,0.00331128553660966,2352739390,0.00326227694082649,1.13027111403066
"Financiero","Obligaciones a Cargo del Tesoro","Obligaciones a Cargo del Tesoro",2013,"01/01/2013","205",52866242000,0.0840976532308174,75556015466,0.104764959537427,1.42919210081171
"Institucional","Poder Judicial de la Nación","Poder Judicial",2013,"01/01/2013","206",7126018367,0.0113358052109019,7830227540,0.01085728867963,1.09882225062191
"Institucional","Poder Legislativo Nacional","Poder Legislativo",2013,"01/01/2013","207",4246947021,0.00675588550178601,5457697555,0.00756757036472349,1.28508727045879
"Ejecutivo","Presidencia de la Nación","Presidencia",2013,"01/01/2013","208",3424108830,0.0054469450847276,3886476196,0.00538893586309271,1.13503290606566
"Financiero","Servicio de la Deuda Pública","Deuda Publica",2013,"01/01/2013","209",5.5495e+10,0.0882793837709177,44583508000,0.0618188953301596,0.803378826921344
"TOTAL","TOTAL","TOTAL",2013,"01/01/2013","210",628629218165,1,721195481768,1,1.14725097231911
"Ejecutivo","Jefatura de Gabinete de Ministros","Jefatura de Gabinete",2014,"01/01/2014","211",5496354025,0.0063945096533563,NA,NA,NA
"Productivo","Ministerio de Ciencia, Tecnología e Innovación Productiva","Ciencia",2014,"01/01/2014","212",5578022050,0.0064895229970852,NA,NA,NA
"Exterior","Ministerio de Defensa","Defensa",2014,"01/01/2014","213",35103169659,0.0408393557305253,NA,NA,NA
"Básico","Ministerio de Desarrollo Social","Desarrollo Social",2014,"01/01/2014","214",48822237290,0.0568002472601566,NA,NA,NA
"Productivo","Ministerio de Economía","Economía",2014,"01/01/2014","215",19486846216,0.0226711790534056,NA,NA,NA
"Básico","Ministerio de Educación","Educación",2014,"01/01/2014","216",45669706986,0.0531325640341973,NA,NA,NA
"Productivo","Ministerio de Industria","Industria",2014,"01/01/2014","217",1809334569,0.00210499675148232,NA,NA,NA
"Interior","Ministerio de Justicia, Seguridad  y Derechos Humanos","Justicia, Seguridad  y Derechos Humanos",2014,"01/01/2014","218",42995069625,0.050020865925533,NA,NA,NA
"Interior","Ministerio del Interior","Interior",2014,"01/01/2014","219",29500947639,0.0343216782621175,NA,NA,NA
"Productivo","Ministerio de Planificación Federal, Inversión Pública y Servicios","Planificación",2014,"01/01/2014","220",83340439870,0.0969590468226208,NA,NA,NA
"Exterior","Ministerio de Relaciones Exteriores y Culto","Cancillería",2014,"01/01/2014","221",3575527049,0.00415980159332387,NA,NA,NA
"Básico","Ministerio de Salud","Salud",2014,"01/01/2014","222",16307231064,0.0189719850620903,NA,NA,NA
"Básico","Ministerio de Trabajo, Empleo y Seguridad Social","Trabajo",2014,"01/01/2014","223",340989748733,0.396710661294913,NA,NA,NA
"Institucional","Ministerio Público","Ministerio Público",2014,"01/01/2014","224",2821623545,0.00328270320917691,NA,NA,NA
"Financiero","Obligaciones a Cargo del Tesoro","Obligaciones a Cargo del Tesoro",2014,"01/01/2014","225",81377992521,0.0946759172315672,NA,NA,NA
"Institucional","Poder Judicial de la Nación","Poder Judicial",2014,"01/01/2014","226",9197042990,0.0106999257897853,NA,NA,NA
"Institucional","Poder Legislativo Nacional","Poder Legislativo",2014,"01/01/2014","227",5884887791,0.00684653346878764,NA,NA,NA
"Ejecutivo","Presidencia de la Nación","Presidencia",2014,"01/01/2014","228",4374507803,0.00508934327150915,NA,NA,NA
"Financiero","Servicio de la Deuda Pública","Deuda Publica",2014,"01/01/2014","229",7.7212e+10,0.0898291625883663,NA,NA,NA
"TOTAL","TOTAL","TOTAL",2014,"01/01/2014","230",859542689425,1,NA,NA,NA
